id,name,model_id:id,group_id:id,operation
access_web_simulation_result,access_web_simulation_result,model_web_simulation_result,web_simulation.group_simulation,crud
access_web_simulation_result_document,access_web_simulation_result_document,model_web_simulation_result_document,web_simulation.group_simulation,crud
access_web_simulation_result_move,access_web_simulation_result_move,model_web_simulation_result_move,web_simulation.group_simulation,crud
access_web_simulation_result_quant,access_web_simulation_result_quant,model_web_simulation_result_quant,web_simulation.group_simulation,crud
access_web_simulation_result_account,access_web_simulation_result_account,model_web_simulation_result_account,web_simulation.group_simulation,crud
access_web_simulation_result_account_summary,access_web_simulation_result_account_summary,model_web_simulation_result_account_summary,web_simulation.group_simulation,crud
access_web_simulation_run,access_web_simulation_run,model_web_simulation_run,web_simulation.group_simulation,crud
access_web_simulation_run_option,access_web_simulation_run_option,model_web_simulation_run_option,web_simulation.group_simulation,crud
access_web_simulation_run_step,access_web_simulation_run_step,model_web_simulation_run_step,web_simulation.group_simulation,crud
access_web_simulation_run_editable,access_web_simulation_run_editable,model_web_simulation_run_editable,web_simulation.group_simulation,crud
access_web_simulation_edit,access_web_simulation_edit,model_web_simulation_edit,web_simulation.group_simulation,crud
access_web_simulation_edit_field,access_web_simulation_edit_field,model_web_simulation_edit_field,web_simulation.group_simulation,crud
